variant,prompt,response,feedback
A,"Product description: A pair of shoes that can fit any foot size.
Themes: adaptable, fit, omni-fit.
Product names:","* Omni-Fit
* Adapti-Steps
* Fit-All",0
A,"Product description: A pair of shoes that can fit any foot size.
Themes: adaptable, fit, omni-fit.
Product names:","- AdaptaFit
- OmniFit
- Fit4All
- FlexFit
- UniversalFit
- OneSizeFitsAll
- FormFit
- StretchyStride
- ComfortFit
- EverFit",0
B,"Product description: A home milkshake maker.
Themes: fast, healthy, compact.
Product names: HomeShaker, Fit Shaker, QuickShake, Shake Maker

Product description: A watch that can tell accurate time in space.
Themes: astronaut, space-hardened, eliptical orbit
Product names: AstroTime, SpaceGuard, Orbit-Accurate, EliptoTime.

Product description: A pair of shoes that can fit any foot size.
Themes: adaptable, fit, omni-fit.
Product names:","OmniFit, Fitastic, FlexiFit, Size-O-Matic",0
B,"Product description: A home milkshake maker.
Themes: fast, healthy, compact.
Product names: HomeShaker, Fit Shaker, QuickShake, Shake Maker

Product description: A watch that can tell accurate time in space.
Themes: astronaut, space-hardened, eliptical orbit
Product names: AstroTime, SpaceGuard, Orbit-Accurate, EliptoTime.

Product description: A pair of shoes that can fit any foot size.
Themes: adaptable, fit, omni-fit.
Product names:","Fit-Fit, Omni-Flex, Heel-Fit, Adjusta-Sole",0
B,"Product description: A home milkshake maker.
Themes: fast, healthy, compact.
Product names: HomeShaker, Fit Shaker, QuickShake, Shake Maker

Product description: A watch that can tell accurate time in space.
Themes: astronaut, space-hardened, eliptical orbit
Product names: AstroTime, SpaceGuard, Orbit-Accurate, EliptoTime.

Product description: A pair of shoes that can fit any foot size.
Themes: adaptable, fit, omni-fit.
Product names:","FitForAll, Size-Right, Omni-Fit, Adapt-to-Foot",0
A,"Product description: A pair of shoes that can fit any foot size.
Themes: adaptable, fit, omni-fit.
Product names:","- OmniFit
- Adaptashoe
- FitForAll",0
